"ID","rodata","data","hora","mandante","visitante","formacao_mandante","formacao_visitante","tecnico_mandante","tecnico_visitante","vencedor","arena","mandante_Placar","visitante_Placar","mandante_Estado","visitante_Estado"
"8406","1","13/04/2024","18:30","Internacional","Bahia","4-4-2","4-4-2","E. Coudet","R. Ceni","Internacional","Estádio Beira-Rio","2","1","RS","BA"
"8407","1","13/04/2024","18:33","Criciuma","Juventude","4-3-1-2","4-4-2","C. Tencati","R. Machado Marques","-","Estádio Heriberto Hülse","1","1","SC","RS"
"8408","1","13/04/2024","21:00","Fluminense","Bragantino","4-2-3-1","4-3-3","F. Diniz Silva","P. Faria Caixinha","-"," Maracanã","2","2","RJ","SP"
"8409","1","13/04/2024","21:03","Sao Paulo","Fortaleza","3-4-1-2","3-5-2","T. Carpini Barbosa","J. Vojvoda","Fortaleza","MorumBIS","1","2","SP","CE"
"8411","1","14/04/2024","16:00","Athletico-PR","Cuiaba","4-1-2-1-2","5-4-1","A. Stival","L. Iubel","Athletico-PR","Ligga Arena","4","0","PR","MT"
"8410","1","14/04/2024","16:02","Vasco","Gremio","4-3-3","4-2-3-1","R. Díaz","Renato Gaúcho","Vasco","Estádio São Januário","2","1","RJ","RS"
"8412","1","14/04/2024","16:02","Atletico-GO","Flamengo","4-1-3-2","4-2-3-1","J. Ribeiro Ventura","A. Bacchi","Flamengo","Estádio Serra Dourada","1","2","GO","RJ"
"8413","1","14/04/2024","16:02","Corinthians","Atletico-MG","4-2-3-1","3-4-1-2","A. Cardoso de Oliveira","G. Milito","-","Neo Química Arena","0","0","SP","MG"
"8414","1","14/04/2024","17:00","Cruzeiro","Botafogo-RJ","4-3-3","4-4-2","F. Seabra","A. Torres Gomes Araújo Amorim","Cruzeiro"," Mineirão","3","2","MG","RJ"
"8415","1","14/04/2024","18:33","Vitoria","Palmeiras","4-3-3","4-2-3-1","L. Condé","A. Moreira Ferreira","Palmeiras"," Barradão","0","1","BA","SP"
"8416","2","16/04/2024","21:31","Bahia","Fluminense","4-2-3-1","4-2-3-1","R. Ceni","F. Diniz Silva","Bahia","Arena Fonte Nova","2","1","BA","RJ"
"8418","2","17/04/2024","19:00","Gremio","Athletico-PR","4-3-3","4-2-3-1","Renato Gaúcho","A. Stival","Gremio","Arena do Grêmio","2","0","RS","PR"
"8417","2","17/04/2024","19:02","Bragantino","Vasco","4-3-3","4-3-3","P. Faria Caixinha","R. Díaz","Bragantino","Nabizão","2","1","SP","RJ"
"8421","2","17/04/2024","19:59","Atletico-MG","Criciuma","4-2-3-1","4-3-2-1","G. Milito","C. Tencati","-","Arena MRV","1","1","MG","SC"
"8419","2","17/04/2024","20:00","Fortaleza","Cruzeiro","3-5-2","4-3-3","J. Vojvoda","F. Seabra","-","Arena Castelão","1","1","CE","MG"
"8422","2","17/04/2024","20:01","Juventude","Corinthians","4-2-3-1","4-3-3","R. Machado Marques","B. Lazaroni","Juventude"," Alfredo Jaconi","2","0","RS","SP"
"8420","2","17/04/2024","20:02","Palmeiras","Internacional","3-4-2-1","4-2-3-1","A. Moreira Ferreira","E. Coudet","Internacional","Arena Barueri","0","1","SP","RS"
"8423","2","17/04/2024","21:30","Flamengo","Sao Paulo","4-2-3-1","3-4-2-1","A. Bacchi","T. Carpini Barbosa","Flamengo"," Maracanã","2","1","RJ","SP"
"8424","2","18/04/2024","21:31","Botafogo-RJ","Atletico-GO","4-4-2","4-4-2","A. Torres Gomes Araújo Amorim","E. C. Tannus Faro","Botafogo-RJ","Estádio Nilton Santos","1","0","RJ","GO"
"8426","3","20/04/2024","15:59","Fluminense","Vasco","4-2-3-1","4-3-3","F. Diniz Silva","R. Díaz","Fluminense"," Maracanã","2","1","RJ","RJ"
"8428","3","20/04/2024","18:30","Gremio","Cuiaba","4-2-3-1","5-4-1","Renato Gaúcho","L. Iubel","Gremio","Arena do Grêmio","1","0","RS","MT"
"8427","3","20/04/2024","18:31","Bragantino","Corinthians","4-3-3","4-2-3-1","P. Faria Caixinha","A. Cardoso de Oliveira","Bragantino","Nabizão","1","0","SP","SP"
"8429","3","20/04/2024","21:00","Atletico-MG","Cruzeiro","4-4-2","4-3-3","G. Milito","F. Seabra","Atletico-MG","Arena MRV","3","0","MG","MG"
"8430","3","21/04/2024","16:01","Palmeiras","Flamengo","3-4-2-1","4-2-3-1","A. Moreira Ferreira","A. Bacchi","-","Allianz Parque","0","0","SP","RJ"
"8431","3","21/04/2024","16:02","Vitoria","Bahia","4-4-1-1","4-3-3","L. Condé","R. Ceni","-"," Barradão","2","2","BA","BA"
"8432","3","21/04/2024","18:06","Athletico-PR","Internacional","4-2-3-1","4-2-3-1","A. Stival","E. Coudet","Athletico-PR","Ligga Arena","1","0","PR","RS"
"8434","3","21/04/2024","18:29","Atletico-GO","Sao Paulo","4-4-2","3-4-2-1","J. Ribeiro Ventura","M. Cruz","Sao Paulo","Estádio Antônio Accioly - Atlético Goianiense","0","3","GO","SP"
"8433","3","21/04/2024","18:31","Botafogo-RJ","Juventude","4-4-2","4-2-3-1","A. Torres Gomes Araújo Amorim","R. Machado Marques","Botafogo-RJ","Estádio Nilton Santos","5","1","RJ","RS"
"8436","4","27/04/2024","16:00","Vasco","Criciuma","4-2-3-1","4-4-2","R. Díaz","C. Tencati","Criciuma","Estádio São Januário","0","4","RJ","SC"
"8437","4","27/04/2024","18:30","Cuiaba","Atletico-MG","5-4-1","3-5-2","L. Iubel","G. Milito","Atletico-MG","Arena Pantanal","0","3","MT","MG"
"8438","4","27/04/2024","21:01","Bahia","Gremio","4-2-3-1","4-3-3","R. Ceni","Renato Gaúcho","Bahia","Arena Fonte Nova","1","0","BA","RS"
"8439","4","28/04/2024","11:00","Flamengo","Botafogo-RJ","4-2-3-1","4-4-2","A. Bacchi","A. Torres Gomes Araújo Amorim","Botafogo-RJ"," Maracanã","0","2","RJ","RJ"
"8441","4","28/04/2024","16:00","Cruzeiro","Vitoria","4-3-3","4-4-2","F. Seabra","L. Condé","Cruzeiro"," Mineirão","3","1","MG","BA"
"8440","4","28/04/2024","16:01","Corinthians","Fluminense","4-3-3","4-2-3-1","A. Cardoso de Oliveira","F. Diniz Silva","Corinthians","Neo Química Arena","3","0","SP","RJ"
"8442","4","28/04/2024","18:30","Fortaleza","Bragantino","4-2-3-1","4-3-3","J. Vojvoda","P. Faria Caixinha","-","Arena Castelão","1","1","CE","SP"
"8443","4","28/04/2024","18:30","Juventude","Athletico-PR","4-2-3-1","4-2-3-1","R. Machado Marques","A. Stival","-"," Alfredo Jaconi","1","1","RS","PR"
"8444","4","28/04/2024","20:00","Internacional","Atletico-GO","4-4-2","4-2-3-1","E. Coudet","J. Ribeiro Ventura","-","Estádio Beira-Rio","1","1","RS","GO"
"8445","4","29/04/2024","20:04","Sao Paulo","Palmeiras","3-4-2-1","4-2-3-1","L. Zubeldía","A. Moreira Ferreira","-","MorumBIS","0","0","SP","SP"
"8446","5","04/05/2024","16:02","Fluminense","Atletico-MG","4-2-3-1","4-4-2","F. Diniz Silva","G. Milito","-","Kléber Andrade","2","2","RJ","MG"
"8447","5","04/05/2024","18:30","Bragantino","Flamengo","4-2-3-1","4-2-3-1","P. Faria Caixinha","A. Bacchi","-","Nabizão","1","1","SP","RJ"
"8448","5","04/05/2024","21:00","Corinthians","Fortaleza","4-2-3-1","4-2-3-1","A. Cardoso de Oliveira","J. Vojvoda","-","Neo Química Arena","0","0","SP","CE"
"8449","5","05/05/2024","16:01","Athletico-PR","Vasco","4-2-3-1","4-3-3","A. Stival","C. de Paiva","Athletico-PR","Ligga Arena","1","0","PR","RJ"
"8450","5","05/05/2024","16:01","Vitoria","Sao Paulo","3-4-1-2","3-4-1-2","L. Condé","L. Zubeldía","Sao Paulo"," Barradão","1","3","BA","SP"
"8451","5","05/05/2024","18:30","Botafogo-RJ","Bahia","4-2-3-1","4-1-2-1-2","A. Torres Gomes Araújo Amorim","R. Ceni","Bahia","Estádio Nilton Santos","1","2","RJ","BA"
"8452","5","05/05/2024","18:30","Cuiaba","Palmeiras","3-4-1-2","3-4-2-1","R. Colbachini","A. Moreira Ferreira","Palmeiras","Arena Pantanal","0","2","MT","SP"
"8456","6","11/05/2024","16:00","Flamengo","Corinthians","4-2-3-1","3-4-3","A. Bacchi","A. Cardoso de Oliveira","Flamengo"," Maracanã","2","0","RJ","SP"
"8459","6","12/05/2024","16:00","Fortaleza","Botafogo-RJ","4-2-3-1","4-2-3-1","J. Vojvoda","A. Torres Gomes Araújo Amorim","-","Arena Castelão","1","1","CE","RJ"
"8457","6","12/05/2024","16:01","Palmeiras","Athletico-PR","4-2-3-1","4-2-3-1","A. Moreira Ferreira","A. Stival","Athletico-PR","Arena Barueri","0","2","SP","PR"
"8458","6","12/05/2024","16:02","Atletico-GO","Cruzeiro","4-2-3-1","4-3-3","J. Ribeiro Ventura","F. Seabra","Cruzeiro","Estádio Antônio Accioly - Atlético Goianiense","0","1","GO","MG"
"8460","6","12/05/2024","18:31","Vasco","Vitoria","4-2-3-1","3-4-1-2","C. de Paiva","L. Condé","Vasco","Estádio São Januário","2","1","RJ","BA"
"8461","6","12/05/2024","18:31","Bahia","Bragantino","4-1-2-1-2","4-3-3","R. Ceni","P. Faria Caixinha","Bahia","Arena Fonte Nova","1","0","BA","SP"
"8462","6","13/05/2024","20:02","Sao Paulo","Fluminense","4-2-3-1","4-2-3-1","L. Zubeldía","F. Diniz Silva","Sao Paulo","MorumBIS","2","1","SP","RJ"
"8467","7","01/06/2024","16:00","Vitoria","Atletico-GO","4-4-2","4-3-3","T. Carpini Barbosa","J. Ribeiro Ventura","Atletico-GO"," Barradão","0","2","BA","GO"
"8466","7","01/06/2024","16:01","Gremio","Bragantino","4-2-3-1","4-3-3","Renato Gaúcho","P. Faria Caixinha","Bragantino"," Couto Pereira","0","2","RS","SP"
"8468","7","01/06/2024","18:30","Fluminense","Juventude","4-2-3-1","4-2-3-1","E. de Barros","R. Machado Marques","-"," Maracanã","1","1","RJ","RS"
"8469","7","01/06/2024","18:30","Cuiaba","Internacional","4-3-3","4-1-3-2","A. Gonçalves Teixeira","E. Coudet","Internacional","Arena Pantanal","0","1","MT","RS"
"8470","7","01/06/2024","21:00","Corinthians","Botafogo-RJ","4-3-3","4-2-3-1","A. Cardoso de Oliveira","A. Torres Gomes Araújo Amorim","Botafogo-RJ","Neo Química Arena","0","1","SP","RJ"
"8471","7","02/06/2024","16:00","Vasco","Flamengo","3-4-2-1","4-2-3-1","Á. Teixeira Pacheco","A. Bacchi","Flamengo"," Maracanã","1","6","RJ","RJ"
"8472","7","02/06/2024","16:01","Atletico-MG","Bahia","3-5-2","4-1-2-1-2","G. Milito","R. Ceni","-","Arena MRV","1","1","MG","BA"
"8473","7","02/06/2024","16:02","Criciuma","Palmeiras","4-3-3","4-2-3-1","C. Tencati","C. Martinho","Palmeiras","Estádio Heriberto Hülse","1","2","SC","SP"
"8474","7","02/06/2024","18:31","Sao Paulo","Cruzeiro","4-4-2","4-3-2-1","L. Zubeldía","F. Seabra","Sao Paulo","MorumBIS","2","0","SP","MG"
"8475","7","02/06/2024","18:31","Fortaleza","Athletico-PR","4-3-3","4-1-4-1","J. Vojvoda","A. Stival","Fortaleza","Estádio Presidente Vargas","1","0","CE","PR"
"8425","2","05/06/2024","20:00","Cuiaba","Vitoria","4-2-3-1","4-1-4-1","A. Gonçalves Teixeira","T. Carpini Barbosa","-","Arena Pantanal","0","0","MT","BA"
"8453","5","05/06/2024","19:01","Juventude","Atletico-GO","4-2-3-1","4-3-3","R. Machado Marques","J. Ribeiro Ventura","Juventude"," Alfredo Jaconi","1","0","RS","GO"
"8463","6","09/06/2024","16:02","Criciuma","Cuiaba","4-4-2","4-3-3","C. Tencati","A. Gonçalves Teixeira","Cuiaba","Estádio Heriberto Hülse","2","5","SC","MT"
"8476","8","11/06/2024","19:00","Atletico-GO","Corinthians","4-3-3","4-3-3","J. Ribeiro Ventura","A. Cardoso de Oliveira","-","Estádio Antônio Accioly - Atlético Goianiense","2","2","GO","SP"
"8477","8","11/06/2024","19:02","Juventude","Vitoria","4-2-3-1","4-1-4-1","R. Machado Marques","T. Carpini Barbosa","-"," Alfredo Jaconi","1","1","RS","BA"
"8478","8","11/06/2024","20:00","Botafogo-RJ","Fluminense","4-4-1-1","4-2-3-1","A. Torres Gomes Araújo Amorim","F. Diniz Silva","Botafogo-RJ","Estádio Nilton Santos","1","0","RJ","RJ"
"8479","8","11/06/2024","21:31","Bragantino","Atletico-MG","4-3-3","3-5-2","P. Faria Caixinha","G. Milito","Atletico-MG","Nabizão","1","2","SP","MG"
"8480","8","13/06/2024","19:00","Cruzeiro","Cuiaba","4-3-2-1","4-2-3-1","F. Seabra","A. Gonçalves Teixeira","Cruzeiro"," Mineirão","2","1","MG","MT"
"8481","8","13/06/2024","20:00","Athletico-PR","Criciuma","4-2-3-1","4-4-2","A. Stival","C. Tencati","Athletico-PR","Ligga Arena","3","1","PR","SC"
"8483","8","13/06/2024","20:00","Flamengo","Gremio","4-2-3-1","4-4-2","A. Bacchi","Renato Gaúcho","Flamengo"," Maracanã","2","1","RJ","RS"
"8482","8","13/06/2024","20:04","Internacional","Sao Paulo","4-1-3-2","4-2-3-1","E. Coudet","L. Zubeldía","-","Estádio Heriberto Hülse","0","0","RS","SP"
"8485","8","13/06/2024","21:30","Palmeiras","Vasco","4-2-3-1","5-4-1","A. Moreira Ferreira","Á. Teixeira Pacheco","Palmeiras","Allianz Parque","2","0","SP","RJ"
"8484","8","13/06/2024","21:31","Bahia","Fortaleza","4-1-2-1-2","4-3-3","R. Ceni","J. Vojvoda","Bahia","Arena Fonte Nova","1","0","BA","CE"
"8486","9","15/06/2024","18:29","Bragantino","Juventude","4-3-3","4-2-3-1","P. Faria Caixinha","R. Machado Marques","Bragantino","Nabizão","2","1","SP","RS"
"8487","9","15/06/2024","21:00","Fluminense","Atletico-GO","4-2-3-1","4-3-3","F. Diniz Silva","J. Ribeiro Ventura","Atletico-GO"," Maracanã","1","2","RJ","GO"
"8490","9","16/06/2024","16:00","Athletico-PR","Flamengo","4-2-3-1","4-2-3-1","A. Stival","M. Rizzi Bacchi","-","Ligga Arena","1","1","PR","RJ"
"8488","9","16/06/2024","16:01","Corinthians","Sao Paulo","4-2-3-1","4-2-3-1","A. Cardoso de Oliveira","L. Zubeldía","-","Neo Química Arena","2","2","SP","SP"
"8489","9","16/06/2024","16:01","Vitoria","Internacional","4-1-4-1","4-2-3-1","T. Carpini Barbosa","E. Coudet","Vitoria"," Barradão","2","1","BA","RS"
"8494","9","16/06/2024","18:29","Cuiaba","Fortaleza","4-2-3-1","4-2-3-1","A. Gonçalves Teixeira","J. Vojvoda","Cuiaba","Arena Pantanal","5","0","MT","CE"
"8493","9","16/06/2024","18:30","Gremio","Botafogo-RJ","4-4-1-1","4-2-3-1","Renato Gaúcho","A. Torres Gomes Araújo Amorim","Botafogo-RJ","Kléber Andrade","1","2","RS","RJ"
"8491","9","16/06/2024","18:31","Vasco","Cruzeiro","4-2-3-1","4-3-2-1","Á. Teixeira Pacheco","F. Seabra","-","Estádio São Januário","0","0","RJ","MG"
"8492","9","16/06/2024","18:31","Criciuma","Bahia","4-3-1-2","4-1-3-2","C. Tencati","R. Ceni","-","Estádio Heriberto Hülse","2","2","SC","BA"
"8495","9","17/06/2024","20:31","Atletico-MG","Palmeiras","3-4-3","4-2-3-1","G. Milito","A. Moreira Ferreira","Palmeiras","Arena MRV","0","4","MG","SP"
"8496","10","19/06/2024","19:00","Botafogo-RJ","Athletico-PR","4-2-3-1","4-2-3-1","A. Torres Gomes Araújo Amorim","D. D. S. Cerqueira","-","Estádio Nilton Santos","1","1","RJ","PR"
"8497","10","19/06/2024","19:00","Atletico-GO","Criciuma","4-3-3","4-4-2","J. Ribeiro Ventura","C. Tencati","Criciuma","Estádio Antônio Accioly - Atlético Goianiense","1","2","GO","SC"
"8500","10","19/06/2024","20:00","Fortaleza","Gremio","4-2-3-1","4-3-3","J. Vojvoda","Renato Gaúcho","Fortaleza","Arena Castelão","1","0","CE","RS"
"8498","10","19/06/2024","20:01","Sao Paulo","Cuiaba","4-2-3-1","4-2-3-1","L. Zubeldía","N. M. Gaspar Pereira","Cuiaba","MorumBIS","0","1","SP","MT"
"8499","10","19/06/2024","20:04","Juventude","Vasco","4-2-3-1","4-2-3-1","R. Machado Marques","Á. Teixeira Pacheco","Juventude"," Alfredo Jaconi","2","0","RS","RJ"
"8501","10","19/06/2024","21:30","Cruzeiro","Fluminense","4-3-2-1","4-2-3-1","F. Seabra","F. Diniz Silva","Cruzeiro"," Mineirão","2","0","MG","RJ"
"8502","10","19/06/2024","21:33","Internacional","Corinthians","4-2-3-1","4-2-3-1","E. Coudet","A. Cardoso de Oliveira","Internacional"," Orlando Scarpelli","1","0","RS","SP"
"8503","10","20/06/2024","18:30","Vitoria","Atletico-MG","4-1-4-1","3-4-2-1","T. Carpini Barbosa","G. Milito","Vitoria"," Barradão","4","2","BA","MG"
"8504","10","20/06/2024","20:00","Flamengo","Bahia","4-2-3-1","4-1-3-2","A. Bacchi","R. Ceni","Flamengo"," Maracanã","2","1","RJ","BA"
"8505","10","20/06/2024","21:30","Palmeiras","Bragantino","4-2-3-1","4-3-3","A. Moreira Ferreira","P. Malta","Palmeiras","Allianz Parque","2","1","SP","SP"
"8506","11","22/06/2024","16:01","Criciuma","Botafogo-RJ","5-3-2","4-4-2","C. Tencati","A. Torres Gomes Araújo Amorim","Criciuma","Estádio Heriberto Hülse","2","1","SC","RJ"
"8507","11","22/06/2024","17:31","Gremio","Internacional","4-2-3-1","4-2-3-1","Renato Gaúcho","E. Coudet","Internacional"," Couto Pereira","0","1","RS","RS"
"8508","11","22/06/2024","18:30","Cuiaba","Atletico-GO","4-2-3-1","4-3-3","A. Gonçalves Teixeira","A. Gomes","-","Arena Pantanal","0","0","MT","GO"
"8509","11","22/06/2024","21:31","Vasco","Sao Paulo","4-2-3-1","4-1-3-2","C. de Paiva","L. Zubeldía","Vasco","Estádio São Januário","4","1","RJ","SP"
"8511","11","23/06/2024","16:00","Athletico-PR","Corinthians","4-2-3-1","4-2-3-1","A. Stival","A. Cardoso de Oliveira","-","Ligga Arena","1","1","PR","SP"
"8512","11","23/06/2024","16:00","Fluminense","Flamengo","4-4-2","4-2-3-1","F. Diniz Silva","A. Bacchi","Flamengo"," Maracanã","0","1","RJ","RJ"
"8510","11","23/06/2024","16:02","Bahia","Cruzeiro","4-1-3-2","4-3-2-1","R. Ceni","F. Seabra","Bahia","Arena Fonte Nova","4","1","BA","MG"
"8514","11","23/06/2024","18:30","Atletico-MG","Fortaleza","3-4-1-2","4-2-3-1","G. Milito","J. Vojvoda","-","Arena MRV","1","1","MG","CE"
"8515","11","23/06/2024","18:30","Palmeiras","Juventude","4-2-3-1","4-2-3-1","A. Moreira Ferreira","R. Machado Marques","Palmeiras","Allianz Parque","3","1","SP","RS"
"8513","11","23/06/2024","18:31","Bragantino","Vitoria","4-3-3","5-3-2","P. Faria Caixinha","T. Carpini Barbosa","Bragantino","Nabizão","2","1","SP","BA"
"8516","12","26/06/2024","19:00","Botafogo-RJ","Bragantino","4-2-3-1","3-4-3","A. Torres Gomes Araújo Amorim","P. Faria Caixinha","Botafogo-RJ","Estádio Nilton Santos","2","1","RJ","SP"
"8517","12","26/06/2024","19:00","Cruzeiro","Athletico-PR","4-3-3","4-2-3-1","F. Seabra","J. Antonello","Cruzeiro"," Mineirão","2","0","MG","PR"
"8518","12","26/06/2024","20:00","Atletico-GO","Gremio","4-3-3","4-3-3","A. Gomes","Renato Gaúcho","-","Estádio Antônio Accioly - Atlético Goianiense","1","1","GO","RS"
"8520","12","26/06/2024","20:00","Juventude","Flamengo","4-2-3-1","4-2-3-1","R. Machado Marques","A. Bacchi","Juventude"," Alfredo Jaconi","2","1","RS","RJ"
"8519","12","26/06/2024","20:02","Corinthians","Cuiaba","4-2-3-1","4-3-3","A. Cardoso de Oliveira","A. Gonçalves Teixeira","-","Neo Química Arena","1","1","SP","MT"
"8521","12","26/06/2024","21:30","Bahia","Vasco","4-1-3-2","4-2-3-1","R. Ceni","C. de Paiva","Bahia","Arena Fonte Nova","2","1","BA","RJ"
"8523","12","26/06/2024","21:30","Fortaleza","Palmeiras","4-2-3-1","3-4-2-1","J. Vojvoda","A. Moreira Ferreira","Fortaleza","Arena Castelão","3","0","CE","SP"
"8522","12","26/06/2024","21:34","Internacional","Atletico-MG","4-3-3","4-1-4-1","E. Coudet","G. Milito","Atletico-MG","Estádio Heriberto Hülse","1","2","RS","MG"
"8524","12","27/06/2024","19:00","Fluminense","Vitoria","4-2-3-1","4-1-4-1","M. A. de Oliveira","T. Carpini Barbosa","Vitoria"," Maracanã","0","1","RJ","BA"
"8525","12","27/06/2024","20:02","Sao Paulo","Criciuma","4-2-3-1","4-4-2","L. Zubeldía","C. Tencati","Sao Paulo","MorumBIS","2","1","SP","SC"
"8526","13","29/06/2024","18:30","Vasco","Botafogo-RJ","4-2-3-1","4-4-2","C. de Paiva","A. Torres Gomes Araújo Amorim","-","Estádio São Januário","1","1","RJ","RJ"
"8527","13","29/06/2024","18:31","Cuiaba","Bragantino","4-3-3","4-2-3-1","A. Gonçalves Teixeira","P. Faria Caixinha","-","Arena Pantanal","1","1","MT","SP"
"8528","13","30/06/2024","11:02","Atletico-MG","Atletico-GO","3-4-2-1","4-3-3","G. Milito","A. Gomes","-","Arena MRV","1","1","MG","GO"
"8529","13","30/06/2024","16:00","Gremio","Fluminense","4-2-3-1","3-4-2-1","Renato Gaúcho","M. A. de Oliveira","Gremio","Estádio Francisco Stédile | Centenário","1","0","RS","RJ"
"8531","13","30/06/2024","16:00","Fortaleza","Juventude","4-2-3-1","4-2-3-1","J. Vojvoda","R. Machado Marques","Fortaleza","Arena Castelão","2","1","CE","RS"
"8530","13","30/06/2024","16:03","Sao Paulo","Bahia","4-2-3-1","4-1-3-2","M. Cuberas","R. Ceni","Sao Paulo","MorumBIS","3","1","SP","BA"
"8534","13","30/06/2024","18:29","Flamengo","Cruzeiro","4-2-3-1","4-3-3","A. Bacchi","F. Seabra","Flamengo"," Maracanã","2","1","RJ","MG"
"8532","13","30/06/2024","18:31","Criciuma","Internacional","5-3-2","4-2-3-1","C. Tencati","E. Coudet","-","Estádio Heriberto Hülse","1","1","SC","RS"
"8533","13","30/06/2024","18:31","Vitoria","Athletico-PR","4-1-4-1","4-2-3-1","T. Carpini Barbosa","J. Antonello","Athletico-PR"," Barradão","0","1","BA","PR"
"8535","13","01/07/2024","20:00","Palmeiras","Corinthians","4-2-3-1","4-2-3-1","A. Moreira Ferreira","A. Cardoso de Oliveira","Palmeiras","Allianz Parque","2","0","SP","SP"
"8536","14","03/07/2024","19:00","Cuiaba","Botafogo-RJ","5-4-1","4-4-2","A. Gonçalves Teixeira","A. Torres Gomes Araújo Amorim","Botafogo-RJ","Arena Pantanal","1","2","MT","RJ"
"8538","14","03/07/2024","20:00","Vasco","Fortaleza","4-2-3-1","4-2-3-1","C. de Paiva","J. Vojvoda","Vasco","Estádio São Januário","2","0","RJ","CE"
"8537","14","03/07/2024","20:02","Criciuma","Cruzeiro","4-3-1-2","4-3-3","C. Tencati","F. Seabra","Criciuma","Estádio Heriberto Hülse","1","0","SC","MG"
"8540","14","03/07/2024","21:30","Atletico-MG","Flamengo","4-1-4-1","4-2-3-1","G. Milito","A. Bacchi","Flamengo","Arena MRV","2","4","MG","RJ"
"8541","14","03/07/2024","21:30","Bragantino","Atletico-GO","4-2-3-1","4-2-3-1","P. Faria Caixinha","A. Gomes","Bragantino","Nabizão","3","1","SP","GO"
"8539","14","03/07/2024","21:31","Athletico-PR","Sao Paulo","4-2-3-1","4-2-3-1","J. Antonello","L. Zubeldía","Sao Paulo","Ligga Arena","1","2","PR","SP"
"8542","14","04/07/2024","19:00","Gremio","Palmeiras","4-2-3-1","4-3-3","Renato Gaúcho","A. Moreira Ferreira","-","Estádio Francisco Stédile | Centenário","2","2","RS","SP"
"8543","14","04/07/2024","19:02","Bahia","Juventude","4-1-3-2","4-2-3-1","R. Ceni","R. Machado Marques","Bahia","Arena Fonte Nova","2","0","BA","RS"
"8544","14","04/07/2024","20:00","Fluminense","Internacional","4-2-3-1","4-2-3-1","L. Venker de Menezes","E. Coudet","-"," Maracanã","1","1","RJ","RS"
"8545","14","04/07/2024","20:03","Corinthians","Vitoria","4-1-4-1","4-1-4-1","R. Laruccia","T. Carpini Barbosa","Corinthians","Neo Química Arena","3","2","SP","BA"
"8547","15","06/07/2024","20:00","Flamengo","Cuiaba","4-4-2","4-5-1","A. Bacchi","A. Gonçalves Teixeira","-"," Maracanã","1","1","RJ","MT"
"8546","15","06/07/2024","20:03","Sao Paulo","Bragantino","4-2-3-1","4-2-3-1","C. Gruezo","P. Faria Caixinha","Sao Paulo","MorumBIS","2","0","SP","SP"
"8548","15","07/07/2024","15:59","Fortaleza","Fluminense","4-2-3-1","4-2-3-1","J. Vojvoda","L. Venker de Menezes","Fortaleza","Arena Castelão","1","0","CE","RJ"
"8549","15","07/07/2024","16:00","Juventude","Gremio","4-2-3-1","4-4-2","R. Machado Marques","Renato Gaúcho","Juventude"," Alfredo Jaconi","3","0","RS","RS"
"8550","15","07/07/2024","16:00","Cruzeiro","Corinthians","4-3-3","4-2-3-1","F. Seabra","R. Laruccia","Cruzeiro"," Mineirão","3","0","MG","SP"
"8551","15","07/07/2024","18:01","Internacional","Vasco","4-2-3-1","4-2-3-1","E. Coudet","C. de Paiva","Vasco","Estádio Beira-Rio","1","2","RS","RJ"
"8553","15","07/07/2024","18:30","Atletico-GO","Athletico-PR","4-3-3","4-2-3-1","A. Gomes","J. Antonello","Athletico-PR","Estádio Antônio Accioly - Atlético Goianiense","1","2","GO","PR"
"8554","15","07/07/2024","18:30","Palmeiras","Bahia","4-2-3-1","4-1-3-2","A. Moreira Ferreira","R. Ceni","Palmeiras","Allianz Parque","2","0","SP","BA"
"8552","15","07/07/2024","18:31","Vitoria","Criciuma","4-1-4-1","4-4-2","T. Carpini Barbosa","C. Tencati","Vitoria"," Barradão","2","1","BA","SC"
"8555","15","07/07/2024","20:30","Botafogo-RJ","Atletico-MG","4-2-3-1","3-4-2-1","A. Torres Gomes Araújo Amorim","G. Milito","Botafogo-RJ","Estádio Nilton Santos","3","0","RJ","MG"
"8556","16","10/07/2024","18:30","Gremio","Cruzeiro","4-2-3-1","4-3-3","Renato Gaúcho","F. Seabra","Cruzeiro","Estádio Francisco Stédile | Centenário","0","2","RS","MG"
"8558","16","10/07/2024","19:00","Athletico-PR","Bahia","4-2-3-1","4-1-2-1-2","J. Antonello","R. Ceni","Bahia","Ligga Arena","1","3","PR","BA"
"8557","16","10/07/2024","19:01","Vasco","Corinthians","4-2-3-1","4-2-3-1","C. de Paiva","R. Laruccia","Vasco","Estádio São Januário","2","0","RJ","SP"
"8559","16","11/07/2024","19:30","Palmeiras","Atletico-GO","4-2-3-1","5-4-1","A. Moreira Ferreira","V. Carmo Mancini","Palmeiras","Allianz Parque","3","1","SP","GO"
"8561","16","11/07/2024","20:00","Flamengo","Fortaleza","4-2-3-1","4-2-3-1","A. Bacchi","J. Vojvoda","Fortaleza"," Maracanã","1","2","RJ","CE"
"8560","16","11/07/2024","20:02","Criciuma","Fluminense","4-4-2","4-2-3-1","C. Tencati","L. Venker de Menezes","-","Estádio Heriberto Hülse","1","1","SC","RJ"
"8562","16","11/07/2024","21:30","Atletico-MG","Sao Paulo","3-4-2-1","4-2-3-1","G. Milito","L. Zubeldía","Atletico-MG","Arena MRV","2","1","MG","SP"
"8563","16","11/07/2024","21:30","Vitoria","Botafogo-RJ","4-1-4-1","4-4-2","T. Carpini Barbosa","A. Torres Gomes Araújo Amorim","Botafogo-RJ"," Barradão","0","1","BA","RJ"
"8567","17","13/07/2024","16:00","Cruzeiro","Bragantino","4-3-3","4-2-3-1","F. Seabra","P. Faria Caixinha","Cruzeiro","Estádio Independência","2","1","MG","SP"
"8566","17","13/07/2024","16:02","Bahia","Cuiaba","4-4-1-1","4-5-1","R. Ceni","A. Gonçalves Teixeira","Cuiaba","Arena Fonte Nova","1","2","BA","MT"
"8568","17","16/07/2024","19:01","Juventude","Atletico-MG","4-2-3-1","4-2-3-1","R. Machado Marques","G. Milito","-","Arena BRB Mané Garrincha","1","1","RS","MG"
"8569","17","16/07/2024","21:01","Corinthians","Criciuma","4-2-3-1","4-4-2","R. Díaz","C. Tencati","Corinthians","Neo Química Arena","2","1","SP","SC"
"8570","17","17/07/2024","18:59","Atletico-GO","Vasco","4-3-3","4-2-3-1","V. Carmo Mancini","C. de Paiva","Vasco","Estádio Antônio Accioly - Atlético Goianiense","0","1","GO","RJ"
"8571","17","17/07/2024","20:02","Sao Paulo","Gremio","4-2-3-1","4-3-3","L. Zubeldía","A. P. Mendes","Sao Paulo","MorumBIS","1","0","SP","RS"
"8572","17","17/07/2024","21:30","Botafogo-RJ","Palmeiras","4-2-3-1","4-2-3-1","A. Torres Gomes Araújo Amorim","A. Moreira Ferreira","Botafogo-RJ","Estádio Nilton Santos","1","0","RJ","SP"
"8573","17","17/07/2024","21:31","Fortaleza","Vitoria","4-2-3-1","4-1-4-1","J. Vojvoda","T. Carpini Barbosa","Fortaleza","Arena Castelão","3","1","CE","BA"
"8576","18","20/07/2024","16:01","Flamengo","Criciuma","4-2-3-1","4-4-2","A. Bacchi","C. Tencati","Flamengo","Arena BRB Mané Garrincha","2","1","RJ","SC"
"8577","18","20/07/2024","18:30","Botafogo-RJ","Internacional","4-2-2-2","4-1-3-2","A. Torres Gomes Araújo Amorim","R. Machado Marques","Botafogo-RJ","Estádio Nilton Santos","1","0","RJ","RS"
"8578","18","20/07/2024","21:00","Palmeiras","Cruzeiro","4-2-3-1","4-3-3","A. Moreira Ferreira","F. Seabra","Palmeiras","Allianz Parque","2","0","SP","MG"
"8579","18","21/07/2024","11:00","Gremio","Vitoria","4-4-2","3-4-3","Renato Gaúcho","T. Carpini Barbosa","Gremio","Estádio Francisco Stédile | Centenário","2","0","RS","BA"
"8580","18","21/07/2024","16:00","Atletico-MG","Vasco","3-4-2-1","4-2-3-1","G. Milito","C. de Paiva","Atletico-MG","Arena MRV","2","0","MG","RJ"
"8581","18","21/07/2024","16:02","Bahia","Corinthians","4-1-2-1-2","3-4-1-2","R. Ceni","R. Díaz","Corinthians","Arena Fonte Nova","0","1","BA","SP"
"8584","18","21/07/2024","18:30","Fortaleza","Atletico-GO","4-2-3-1","5-4-1","J. Vojvoda","V. Carmo Mancini","Fortaleza","Arena Castelão","3","1","CE","GO"
"8582","18","21/07/2024","18:31","Bragantino","Athletico-PR","4-2-3-1","4-2-3-1","P. Faria Caixinha","M. Varini Di Zioli","Bragantino","Nabizão","1","0","SP","PR"
"8583","18","21/07/2024","18:31","Juventude","Sao Paulo","4-2-3-1","4-2-3-1","J. Ribeiro Ventura","L. Zubeldía","-","Arena BRB Mané Garrincha","0","0","RS","SP"
"8585","18","21/07/2024","20:00","Cuiaba","Fluminense","4-5-1","4-5-1","A. Gonçalves Teixeira","L. Venker de Menezes","Fluminense","Arena Pantanal","0","1","MT","RJ"
"8435","3","24/07/2024","19:02","Criciuma","Fortaleza","4-4-2","4-2-3-1","C. Tencati","J. Vojvoda","-","Estádio Heriberto Hülse","1","1","SC","CE"
"8586","19","24/07/2024","19:02","Cruzeiro","Juventude","4-3-3","4-2-3-1","F. Seabra","J. Ribeiro Ventura","Cruzeiro"," Mineirão","2","0","MG","RS"
"8587","19","24/07/2024","19:34","Sao Paulo","Botafogo-RJ","4-2-3-1","4-2-3-1","M. Cuberas","A. Torres Gomes Araújo Amorim","-","MorumBIS","2","2","SP","RJ"
"8588","19","24/07/2024","20:00","Vitoria","Flamengo","4-1-4-1","4-2-3-1","T. Carpini Barbosa","A. Bacchi","Flamengo"," Barradão","1","2","BA","RJ"
"8589","19","24/07/2024","21:30","Atletico-GO","Bahia","4-1-4-1","4-1-3-2","V. Carmo Mancini","R. Ceni","-","Estádio Antônio Accioly - Atlético Goianiense","1","1","GO","BA"
"8590","19","24/07/2024","21:30","Fluminense","Palmeiras","4-2-3-1","4-2-3-1","L. Venker de Menezes","J. M. Barreto Martins","Fluminense"," Maracanã","1","0","RJ","SP"
"8591","19","25/07/2024","20:00","Corinthians","Gremio","3-4-1-2","3-4-3","R. Díaz","Renato Gaúcho","-","Neo Química Arena","2","2","SP","RS"
"8596","20","27/07/2024","18:59","Palmeiras","Vitoria","4-2-3-1","4-1-4-1","A. Moreira Ferreira","T. Carpini Barbosa","Vitoria","Allianz Parque","0","2","SP","BA"
"8597","20","27/07/2024","19:00","Juventude","Criciuma","4-2-3-1","4-2-3-1","J. Ribeiro Ventura","C. Tencati","Criciuma"," Alfredo Jaconi","1","2","RS","SC"
"8598","20","27/07/2024","20:01","Bahia","Internacional","4-1-2-1-2","4-4-1-1","R. Ceni","R. Machado Marques","-","Arena Fonte Nova","1","1","BA","RS"
"8599","20","27/07/2024","21:30","Fortaleza","Sao Paulo","4-2-3-1","4-4-2","J. Vojvoda","L. Zubeldía","Fortaleza","Arena Castelão","1","0","CE","SP"
"8600","20","27/07/2024","21:30","Botafogo-RJ","Cruzeiro","4-4-2","4-2-3-1","A. Torres Gomes Araújo Amorim","F. Seabra","Cruzeiro","Estádio Nilton Santos","0","3","RJ","MG"
"8601","20","28/07/2024","11:02","Bragantino","Fluminense","4-2-3-1","4-2-3-1","P. Faria Caixinha","L. Venker de Menezes","Fluminense","Nabizão","0","1","SP","RJ"
"8602","20","28/07/2024","16:00","Flamengo","Atletico-GO","4-2-3-1","4-3-3","A. Bacchi","V. Carmo Mancini","Flamengo"," Maracanã","2","0","RJ","GO"
"8603","20","28/07/2024","19:00","Cuiaba","Athletico-PR","4-2-3-1","4-3-3","A. Gonçalves Teixeira","M. Varini Di Zioli","Athletico-PR","Arena Pantanal","1","2","MT","PR"
"8604","20","28/07/2024","19:00","Gremio","Vasco","3-4-3","4-2-3-1","Renato Gaúcho","C. de Paiva","Gremio","Arena Condá","1","0","RS","RJ"
"8605","20","28/07/2024","19:00","Atletico-MG","Corinthians","3-4-1-2","3-4-1-2","G. Milito","R. Díaz","Atletico-MG","Arena MRV","2","1","MG","SP"
"8606","21","03/08/2024","16:01","Vitoria","Cuiaba","4-3-3","4-2-3-1","E. K. Neto","A. Gonçalves Teixeira","Vitoria"," Barradão","1","0","BA","MT"
"8607","21","03/08/2024","19:01","Vasco","Bragantino","4-2-3-1","4-3-3","C. de Paiva","P. Faria Caixinha","-","Estádio São Januário","2","2","RJ","SP"
"8609","21","03/08/2024","20:00","Atletico-GO","Botafogo-RJ","4-3-3","4-4-2","V. Carmo Mancini","A. Torres Gomes Araújo Amorim","Botafogo-RJ","Estádio Antônio Accioly - Atlético Goianiense","1","4","GO","RJ"
"8608","21","03/08/2024","20:02","Criciuma","Atletico-MG","4-2-3-1","3-4-1-2","C. Tencati","G. Milito","Criciuma","Estádio Heriberto Hülse","2","1","SC","MG"
"8610","21","03/08/2024","21:34","Sao Paulo","Flamengo","4-2-3-1","4-2-3-1","L. Zubeldía","A. Bacchi","Sao Paulo","MorumBIS","1","0","SP","RJ"
"8611","21","04/08/2024","16:00","Corinthians","Juventude","4-2-3-1","4-2-3-1","R. Díaz","J. Ribeiro Ventura","-","Neo Química Arena","1","1","SP","RS"
"8612","21","04/08/2024","16:00","Fluminense","Bahia","4-2-3-1","4-3-3","L. Venker de Menezes","R. Ceni","Fluminense"," Maracanã","1","0","RJ","BA"
"8613","21","04/08/2024","16:00","Athletico-PR","Gremio","3-3-3-1","4-2-3-1","M. Varini Di Zioli","Renato Gaúcho","Gremio","Ligga Arena","0","2","PR","RS"
"8614","21","04/08/2024","17:00","Internacional","Palmeiras","4-2-3-1","3-4-2-1","R. Machado Marques","A. Moreira Ferreira","-","Estádio Beira-Rio","1","1","RS","SP"
"8615","21","05/08/2024","21:02","Cruzeiro","Fortaleza","4-2-3-1","4-2-3-1","F. Seabra","J. Vojvoda","Fortaleza","Kléber Andrade","1","2","MG","CE"
"8616","22","10/08/2024","16:02","Fortaleza","Criciuma","4-2-3-1","4-2-3-1","J. Vojvoda","C. Tencati","Fortaleza","Arena Castelão","1","0","CE","SC"
"8617","22","10/08/2024","19:01","Cuiaba","Gremio","5-3-2","4-2-3-1","A. Gonçalves Teixeira","Renato Gaúcho","Gremio","Arena Pantanal","1","3","MT","RS"
"8618","22","10/08/2024","21:30","Cruzeiro","Atletico-MG","4-2-3-1","3-4-1-2","F. Seabra","G. Milito","-"," Mineirão","0","0","MG","MG"
"8619","22","10/08/2024","21:30","Corinthians","Bragantino","4-1-2-1-2","4-3-3","R. Díaz","P. Faria Caixinha","-","Neo Química Arena","1","1","SP","SP"
"8620","22","10/08/2024","21:33","Vasco","Fluminense","4-2-3-1","4-2-3-1","C. de Paiva","L. Venker de Menezes","Vasco","Estádio Nilton Santos","2","0","RJ","RJ"
"8621","22","11/08/2024","11:02","Juventude","Botafogo-RJ","4-4-2","4-2-3-1","J. Ribeiro Ventura","A. Torres Gomes Araújo Amorim","Juventude"," Alfredo Jaconi","3","2","RS","RJ"
"8623","22","11/08/2024","16:00","Sao Paulo","Atletico-GO","4-2-3-1","4-2-3-1","L. Zubeldía","U. Louzer Filho","Sao Paulo","MorumBIS","1","0","SP","GO"
"8624","22","11/08/2024","16:00","Flamengo","Palmeiras","4-2-3-1","3-4-2-1","A. Bacchi","A. Moreira Ferreira","-"," Maracanã","1","1","RJ","SP"
"8622","22","11/08/2024","16:01","Bahia","Vitoria","4-1-3-2","4-3-3","R. Ceni","T. Carpini Barbosa","Bahia","Arena Fonte Nova","2","0","BA","BA"
"8625","22","11/08/2024","19:00","Internacional","Athletico-PR","4-2-3-1","4-3-3","R. Machado Marques","M. Varini Di Zioli","-","Estádio Beira-Rio","2","2","RS","PR"
"8464","6","14/08/2024","19:30","Internacional","Juventude","4-2-3-1","4-4-2","R. Machado Marques","J. Ribeiro Ventura","Internacional","Estádio Beira-Rio","2","1","RS","RS"
"8626","23","17/08/2024","16:00","Gremio","Bahia","4-2-3-1","4-1-4-1","Renato Gaúcho","R. Ceni","Bahia"," Alfredo Jaconi","0","2","RS","BA"
"8627","23","17/08/2024","16:01","Atletico-MG","Cuiaba","3-4-2-1","3-5-1-1","G. Milito","A. Gonçalves Teixeira","-","Arena MRV","1","1","MG","MT"
"8628","23","17/08/2024","18:30","Bragantino","Fortaleza","4-3-3","4-2-3-1","P. Faria Caixinha","J. Vojvoda","Fortaleza","Nabizão","1","2","SP","CE"
"8629","23","17/08/2024","21:00","Fluminense","Corinthians","4-2-3-1","3-4-2-1","S. Lobo","R. Díaz","-"," Maracanã","0","0","RJ","SP"
"8630","23","18/08/2024","16:00","Atletico-GO","Internacional","4-2-3-1","4-2-3-1","U. Louzer Filho","R. Machado Marques","Atletico-GO","Estádio Antônio Accioly - Atlético Goianiense","1","0","GO","RS"
"8632","23","18/08/2024","16:00","Palmeiras","Sao Paulo","4-2-3-1","3-4-3","A. Moreira Ferreira","L. Zubeldía","Palmeiras","Allianz Parque","2","1","SP","SP"
"8631","23","18/08/2024","16:02","Criciuma","Vasco","4-2-3-1","4-2-3-1","C. Tencati","C. de Paiva","-","Estádio Heriberto Hülse","2","2","SC","RJ"
"8633","23","18/08/2024","18:31","Athletico-PR","Juventude","4-3-3","4-2-3-1","M. Varini Di Zioli","J. Ribeiro Ventura","Juventude","Ligga Arena","1","2","PR","RS"
"8634","23","18/08/2024","18:32","Botafogo-RJ","Flamengo","4-2-3-1","4-2-3-1","A. Torres Gomes Araújo Amorim","A. Bacchi","Botafogo-RJ","Estádio Nilton Santos","4","1","RJ","RJ"
"8635","23","19/08/2024","20:02","Vitoria","Cruzeiro","4-3-3","4-3-3","T. Carpini Barbosa","F. Seabra","-"," Barradão","2","2","BA","MG"
"8636","24","24/08/2024","16:03","Atletico-GO","Juventude","4-2-3-1","4-2-3-1","U. Louzer Filho","J. Ribeiro Ventura","Atletico-GO","Estádio Antônio Accioly - Atlético Goianiense","2","1","GO","RS"
"8637","24","24/08/2024","18:32","Palmeiras","Cuiaba","4-2-3-1","5-3-2","A. Moreira Ferreira","A. Gonçalves Teixeira","Palmeiras","Estádio Brinco de Ouro","5","0","SP","MT"
"8638","24","24/08/2024","21:00","Atletico-MG","Fluminense","3-4-1-2","4-2-3-1","G. Milito","L. Venker de Menezes","Fluminense"," Mineirão","0","2","MG","RJ"
"8639","24","25/08/2024","16:00","Bahia","Botafogo-RJ","4-1-3-2","4-2-3-1","R. Ceni","A. Torres Gomes Araújo Amorim","-","Arena Fonte Nova","0","0","BA","RJ"
"8641","24","25/08/2024","16:01","Fortaleza","Corinthians","4-2-3-1","3-4-2-1","J. Vojvoda","R. Díaz","Fortaleza","Arena Castelão","1","0","CE","SP"
"8640","24","25/08/2024","16:03","Criciuma","Gremio","4-1-2-1-2","4-2-3-1","C. Tencati","Renato Gaúcho","Gremio","Estádio Heriberto Hülse","0","1","SC","RS"
"8642","24","25/08/2024","18:32","Sao Paulo","Vitoria","4-3-3","4-1-4-1","L. Zubeldía","T. Carpini Barbosa","Sao Paulo","MorumBIS","2","1","SP","BA"
"8643","24","25/08/2024","19:00","Internacional","Cruzeiro","4-2-3-1","4-3-3","R. Machado Marques","F. Seabra","Internacional","Estádio Beira-Rio","1","0","RS","MG"
"8644","24","25/08/2024","20:00","Flamengo","Bragantino","4-2-3-1","4-2-3-1","M. Rizzi Bacchi","P. Faria Caixinha","Flamengo"," Maracanã","2","1","RJ","SP"
"8645","24","26/08/2024","21:02","Vasco","Athletico-PR","4-2-3-1","3-2-4-1","C. de Paiva","M. Varini Di Zioli","Vasco","Estádio São Januário","2","1","RJ","PR"
"8454","5","28/08/2024","19:31","Cruzeiro","Internacional","4-2-3-1","4-2-3-1","F. Seabra","R. Machado Marques","-"," Mineirão","0","0","MG","RS"
"8592","19","28/08/2024","19:33","Criciuma","Bragantino","4-1-4-1","4-3-3","C. Tencati","P. Faria Caixinha","Criciuma","Estádio Heriberto Hülse","1","0","SC","SP"
"8646","25","31/08/2024","18:30","Cuiaba","Criciuma","4-2-3-1","4-1-4-1","B. Franco","C. Tencati","Cuiaba","Arena Pantanal","2","1","MT","SC"
"8647","25","31/08/2024","21:00","Botafogo-RJ","Fortaleza","4-2-3-1","4-2-3-1","A. Torres Gomes Araújo Amorim","J. Vojvoda","Botafogo-RJ","Estádio Nilton Santos","2","0","RJ","CE"
"8649","25","01/09/2024","11:01","Cruzeiro","Atletico-GO","4-3-3","4-3-3","F. Seabra","U. Louzer Filho","Cruzeiro"," Mineirão","3","1","MG","GO"
"8648","25","01/09/2024","11:04","Gremio","Atletico-MG","4-2-3-1","4-3-3","Renato Gaúcho","G. Milito","Atletico-MG","Arena do Grêmio","2","3","RS","MG"
"8650","25","01/09/2024","16:01","Corinthians","Flamengo","3-4-2-1","4-2-3-1","R. Díaz","A. Bacchi","Corinthians","Neo Química Arena","2","1","SP","RJ"
"8651","25","01/09/2024","18:30","Bragantino","Bahia","3-4-2-1","4-3-1-2","P. Faria Caixinha","R. Ceni","Bragantino","Nabizão","2","1","SP","BA"
"8652","25","01/09/2024","18:30","Fluminense","Sao Paulo","4-2-3-1","4-2-3-1","L. Venker de Menezes","L. Zubeldía","Fluminense"," Maracanã","2","0","RJ","SP"
"8653","25","01/09/2024","18:30","Athletico-PR","Palmeiras","4-4-2","4-2-3-1","M. Varini Di Zioli","A. Moreira Ferreira","Palmeiras","Ligga Arena","0","2","PR","SP"
"8655","25","01/09/2024","18:31","Vitoria","Vasco","4-3-3","4-2-3-1","T. Carpini Barbosa","C. de Paiva","Vasco"," Barradão","0","1","BA","RJ"
"8654","25","01/09/2024","18:32","Juventude","Internacional","4-2-3-1","4-2-3-1","J. Ribeiro Ventura","R. Machado Marques","Internacional"," Alfredo Jaconi","1","3","RS","RS"
"8564","16","05/09/2024","20:00","Cuiaba","Juventude","4-3-3","4-2-3-1","B. Franco","J. Ribeiro Ventura","-","Arena Pantanal","0","0","MT","RS"
"8593","19","11/09/2024","19:29","Internacional","Fortaleza","4-2-3-1","4-2-3-1","R. Machado Marques","J. Vojvoda","Internacional","Estádio Beira-Rio","2","1","RS","CE"
"8656","26","14/09/2024","16:01","Atletico-GO","Vitoria","4-2-3-1","4-2-3-1","U. Louzer Filho","T. Carpini Barbosa","Vitoria","Estádio Antônio Accioly - Atlético Goianiense","0","2","GO","BA"
"8657","26","14/09/2024","18:30","Athletico-PR","Fortaleza","4-2-3-1","4-2-3-1","M. Varini Di Zioli","J. Vojvoda","-","Ligga Arena","1","1","PR","CE"
"8658","26","14/09/2024","21:04","Botafogo-RJ","Corinthians","4-2-3-1","3-4-1-2","F. Pereira da Silva Maia Carvalho","R. Díaz","Botafogo-RJ","Estádio Nilton Santos","2","1","RJ","SP"
"8659","26","15/09/2024","16:00","Bragantino","Gremio","4-3-3","4-3-3","P. Faria Caixinha","A. P. Mendes","-","Nabizão","2","2","SP","RS"
"8660","26","15/09/2024","16:00","Palmeiras","Criciuma","4-2-3-1","4-1-2-1-2","A. Moreira Ferreira","C. Tencati","Palmeiras","Allianz Parque","5","0","SP","SC"
"8661","26","15/09/2024","16:02","Juventude","Fluminense","4-2-3-1","4-2-3-1","J. Ribeiro Ventura","L. Venker de Menezes","Juventude"," Alfredo Jaconi","2","1","RS","RJ"
"8663","26","15/09/2024","18:30","Flamengo","Vasco","4-2-3-1","4-2-3-1","A. Bacchi","C. de Paiva","-"," Maracanã","1","1","RJ","RJ"
"8664","26","15/09/2024","18:30","Cruzeiro","Sao Paulo","4-2-3-1","3-4-2-1","F. Seabra","L. Zubeldía","Sao Paulo"," Mineirão","0","1","MG","SP"
"8662","26","15/09/2024","18:33","Bahia","Atletico-MG","4-3-1-2","3-5-2","R. Ceni","G. Milito","Bahia","Arena Fonte Nova","3","0","BA","MG"
"8665","26","16/09/2024","19:59","Internacional","Cuiaba","4-2-3-1","4-2-3-1","R. Machado Marques","B. Franco","Internacional","Estádio Beira-Rio","3","0","RS","MT"
"8667","27","21/09/2024","16:01","Vitoria","Juventude","4-2-3-1","4-2-3-1","T. Carpini Barbosa","J. Ribeiro Ventura","Vitoria"," Barradão","1","0","BA","RS"
"8666","27","21/09/2024","16:03","Corinthians","Atletico-GO","4-3-1-2","4-2-3-1","R. Díaz","U. Louzer Filho","Corinthians","Neo Química Arena","3","0","SP","GO"
"8668","27","21/09/2024","18:30","Fluminense","Botafogo-RJ","4-2-3-1","4-2-3-1","L. Venker de Menezes","A. Torres Gomes Araújo Amorim","Botafogo-RJ"," Maracanã","0","1","RJ","RJ"
"8669","27","21/09/2024","21:00","Fortaleza","Bahia","4-2-3-1","4-3-1-2","J. Vojvoda","R. Ceni","Fortaleza","Arena Castelão","4","1","CE","BA"
"8670","27","22/09/2024","16:00","Atletico-MG","Bragantino","3-5-2","4-3-3","G. Milito","P. Faria Caixinha","Atletico-MG","Arena MRV","3","0","MG","SP"
"8671","27","22/09/2024","16:01","Vasco","Palmeiras","4-2-3-1","4-2-3-1","C. de Paiva","A. Moreira Ferreira","Palmeiras","Arena BRB Mané Garrincha","0","1","RJ","SP"
"8673","27","22/09/2024","18:30","Cuiaba","Cruzeiro","4-2-3-1","3-4-3","B. Franco","F. Seabra","-","Arena Pantanal","0","0","MT","MG"
"8674","27","22/09/2024","18:31","Sao Paulo","Internacional","4-2-3-1","4-2-3-1","L. Zubeldía","R. Machado Marques","Internacional","MorumBIS","1","3","SP","RS"
"8672","27","22/09/2024","18:33","Gremio","Flamengo","4-2-3-1","4-4-2","M. Salles","A. Bacchi","Gremio","Arena do Grêmio","3","2","RS","RJ"
"8675","27","22/09/2024","20:02","Criciuma","Athletico-PR","4-1-4-1","4-3-3","C. Tencati","M. Varini Di Zioli","-","Estádio Heriberto Hülse","0","0","SC","PR"
"8455","5","25/09/2024","19:02","Gremio","Criciuma","4-2-3-1","4-1-4-1","Renato Gaúcho","C. Tencati","Criciuma","Arena do Grêmio","1","2","RS","SC"
"8565","16","25/09/2024","19:01","Bragantino","Internacional","3-5-2","4-2-3-1","P. Faria Caixinha","R. Machado Marques","-","Nabizão","2","2","SP","RS"
"8676","28","28/09/2024","18:31","Palmeiras","Atletico-MG","4-2-3-1","3-5-2","A. Moreira Ferreira","L. Gonçalves","Palmeiras","Estádio Brinco de Ouro","2","1","SP","MG"
"8677","28","28/09/2024","21:00","Botafogo-RJ","Gremio","4-2-3-1","4-2-3-1","A. Torres Gomes Araújo Amorim","M. Salles","-","Arena BRB Mané Garrincha","0","0","RJ","RS"
"8678","28","29/09/2024","11:02","Juventude","Bragantino","4-2-3-1","4-1-4-1","R. Squinalli","P. Faria Caixinha","-"," Alfredo Jaconi","1","1","RS","SP"
"8681","28","29/09/2024","16:00","Atletico-GO","Fluminense","4-3-3","4-2-3-1","U. Louzer Filho","L. Venker de Menezes","Atletico-GO","Estádio Antônio Accioly - Atlético Goianiense","1","0","GO","RJ"
"8680","28","29/09/2024","16:01","Fortaleza","Cuiaba","4-2-3-1","4-2-3-1","J. Vojvoda","B. Franco","Fortaleza","Arena Castelão","1","0","CE","MT"
"8679","28","29/09/2024","16:02","Sao Paulo","Corinthians","4-2-3-1","4-3-1-2","L. Zubeldía","R. Díaz","Sao Paulo","Arena BRB Mané Garrincha","3","1","SP","SP"
"8682","28","29/09/2024","18:29","Cruzeiro","Vasco","4-2-3-1","4-2-3-1","E. de Barros","C. de Paiva","-"," Mineirão","1","1","MG","RJ"
"8683","28","29/09/2024","18:29","Internacional","Vitoria","4-2-3-1","4-2-3-1","R. Machado Marques","T. Carpini Barbosa","Internacional","Estádio Beira-Rio","3","1","RS","BA"
"8684","28","29/09/2024","18:33","Bahia","Criciuma","4-4-2","4-3-1-2","R. Ceni","C. Tencati","Bahia","Arena Fonte Nova","1","0","BA","SC"
"8685","28","29/09/2024","20:00","Flamengo","Athletico-PR","4-2-3-1","3-4-2-1","F. Luís","L. González","Flamengo"," Maracanã","1","0","RJ","PR"
"8686","29","03/10/2024","19:01","Criciuma","Atletico-GO","4-2-3-1","4-3-3","C. Tencati","U. Louzer Filho","Criciuma","Estádio Heriberto Hülse","2","0","SC","GO"
"8687","29","03/10/2024","21:29","Fluminense","Cruzeiro","4-2-3-1","4-2-3-1","L. Venker de Menezes","F. Diniz Silva","Fluminense"," Maracanã","1","0","RJ","MG"
"8688","29","04/10/2024","21:31","Gremio","Fortaleza","4-4-2","4-2-3-1","M. Salles","J. Vojvoda","Gremio","Arena do Grêmio","3","1","RS","CE"
"8690","29","05/10/2024","16:29","Atletico-MG","Vitoria","3-4-2-1","4-2-3-1","G. Milito","T. Carpini Barbosa","-","Arena MRV","2","2","MG","BA"
"8691","29","05/10/2024","16:30","Bragantino","Palmeiras","4-1-4-1","4-2-3-1","P. Faria Caixinha","A. Moreira Ferreira","-","Nabizão","0","0","SP","SP"
"8689","29","05/10/2024","16:31","Athletico-PR","Botafogo-RJ","3-4-2-1","4-2-3-1","L. González","A. Torres Gomes Araújo Amorim","Botafogo-RJ","Ligga Arena","0","1","PR","RJ"
"8693","29","05/10/2024","19:00","Cuiaba","Sao Paulo","5-4-1","4-2-3-1","B. Franco","L. Zubeldía","Cuiaba","Arena Pantanal","2","0","MT","SP"
"8692","29","05/10/2024","19:02","Bahia","Flamengo","4-1-3-2","4-2-3-1","R. Ceni","F. Luís","Flamengo","Arena Fonte Nova","0","2","BA","RJ"
"8694","29","05/10/2024","19:02","Corinthians","Internacional","4-1-3-2","4-1-3-2","R. Díaz","R. Machado Marques","-","Neo Química Arena","2","2","SP","RS"
"8695","29","05/10/2024","21:01","Vasco","Juventude","4-2-3-1","4-2-3-1","C. de Paiva","J. Ribeiro Ventura","-","Estádio São Januário","1","1","RJ","RS"
"8465","6","09/10/2024","19:31","Atletico-MG","Gremio","3-4-3","4-3-3","G. Milito","Renato Gaúcho","Atletico-MG","Arena MRV","2","1","MG","RS"
"8696","30","16/10/2024","21:45","Sao Paulo","Vasco","4-2-3-1","4-2-3-1","L. Zubeldía","C. de Paiva","Sao Paulo","Estádio Brinco de Ouro","3","0","SP","RJ"
"8697","30","16/10/2024","21:47","Fortaleza","Atletico-MG","4-2-3-1","4-2-3-1","J. Vojvoda","G. Milito","-","Arena Castelão","1","1","CE","MG"
"8699","30","17/10/2024","20:00","Flamengo","Fluminense","4-2-3-1","4-2-3-1","F. Luís","L. Venker de Menezes","Fluminense"," Maracanã","0","2","RJ","RJ"
"8698","30","17/10/2024","20:04","Corinthians","Athletico-PR","4-1-3-2","3-4-2-1","R. Díaz","L. González","Corinthians","Neo Química Arena","5","2","SP","PR"
"8700","30","18/10/2024","19:00","Atletico-GO","Cuiaba","4-3-3","3-4-3","U. Louzer Filho","B. Franco","-","Estádio Antônio Accioly - Atlético Goianiense","0","0","GO","MT"
"8701","30","18/10/2024","19:59","Botafogo-RJ","Criciuma","3-4-3","5-4-1","A. Torres Gomes Araújo Amorim","C. Tencati","-"," Maracanã","1","1","RJ","SC"
"8702","30","18/10/2024","21:30","Cruzeiro","Bahia","4-2-3-1","4-3-3","F. Diniz Silva","R. Ceni","-"," Mineirão","1","1","MG","BA"
"8703","30","19/10/2024","16:00","Internacional","Gremio","4-2-3-1","4-2-3-1","R. Machado Marques","Renato Gaúcho","Internacional","Estádio Beira-Rio","1","0","RS","RS"
"8704","30","19/10/2024","16:00","Vitoria","Bragantino","4-2-3-1","4-2-3-1","T. Carpini Barbosa","P. Faria Caixinha","Vitoria"," Barradão","1","0","BA","SP"
"8705","30","20/10/2024","20:04","Juventude","Palmeiras","4-2-3-1","4-2-3-1","J. Ribeiro Ventura","A. Moreira Ferreira","Palmeiras"," Alfredo Jaconi","3","5","RS","SP"
"8574","17","22/10/2024","19:29","Fluminense","Athletico-PR","4-2-3-1","3-4-2-1","L. Venker de Menezes","L. González","Fluminense"," Maracanã","1","0","RJ","PR"
"8594","19","24/10/2024","19:01","Vasco","Cuiaba","4-2-3-1","4-2-3-1","C. de Paiva","B. Franco","Vasco","Estádio São Januário","1","0","RJ","MT"
"8706","31","26/10/2024","16:30","Palmeiras","Fortaleza","4-2-3-1","3-1-4-2","A. Moreira Ferreira","J. Vojvoda","-","Allianz Parque","2","2","SP","CE"
"8707","31","26/10/2024","16:30","Flamengo","Juventude","4-2-3-1","4-2-3-1","F. Luís","J. Ribeiro Ventura","Flamengo"," Maracanã","4","2","RJ","RS"
"8709","31","26/10/2024","16:31","Vitoria","Fluminense","4-2-3-1","4-2-3-1","T. Carpini Barbosa","L. Venker de Menezes","Vitoria"," Barradão","2","1","BA","RJ"
"8708","31","26/10/2024","16:32","Gremio","Atletico-GO","4-4-1-1","4-2-3-1","Renato Gaúcho","U. Louzer Filho","Gremio","Arena do Grêmio","3","1","RS","GO"
"8710","31","26/10/2024","18:29","Athletico-PR","Cruzeiro","4-2-3-1","4-4-1-1","L. González","F. Diniz Silva","Athletico-PR","Ligga Arena","3","0","PR","MG"
"8711","31","26/10/2024","19:00","Bragantino","Botafogo-RJ","4-2-3-1","4-2-3-1","P. Faria Caixinha","A. Torres Gomes Araújo Amorim","Botafogo-RJ","Nabizão","0","1","SP","RJ"
"8712","31","26/10/2024","19:00","Atletico-MG","Internacional","4-2-3-1","4-2-3-1","G. Milito","R. Machado Marques","Internacional","Arena MRV","1","3","MG","RS"
"8713","31","26/10/2024","22:03","Criciuma","Sao Paulo","4-2-3-1","4-2-3-1","C. Tencati","L. Zubeldía","-","Estádio Heriberto Hülse","1","1","SC","SP"
"8714","31","28/10/2024","19:01","Cuiaba","Corinthians","4-2-3-1","4-3-1-2","B. Franco","R. Díaz","Corinthians","Arena Pantanal","0","1","MT","SP"
"8715","31","28/10/2024","21:02","Vasco","Bahia","4-2-3-1","4-1-2-1-2","C. de Paiva","R. Ceni","Vasco","Estádio São Januário","3","2","RJ","BA"
"8575","17","30/10/2024","19:01","Internacional","Flamengo","4-2-3-1","4-2-3-1","R. Machado Marques","F. Luís","-","Estádio Beira-Rio","1","1","RS","RJ"
"8716","32","01/11/2024","20:59","Fluminense","Gremio","4-2-3-1","4-2-3-1","L. Venker de Menezes","Renato Gaúcho","-"," Maracanã","2","2","RJ","RS"
"8717","32","02/11/2024","16:00","Bragantino","Cuiaba","4-2-3-1","4-1-4-1","F. Seabra","B. Franco","-","Nabizão","0","0","SP","MT"
"8719","32","02/11/2024","18:29","Athletico-PR","Vitoria","3-4-2-1","5-4-1","L. González","T. Carpini Barbosa","Vitoria","Ligga Arena","1","2","PR","BA"
"8718","32","02/11/2024","18:30","Juventude","Fortaleza","4-2-3-1","3-1-4-2","F. Matias","J. Vojvoda","Fortaleza"," Alfredo Jaconi","0","3","RS","CE"
"8720","32","04/11/2024","20:03","Corinthians","Palmeiras","3-4-1-2","4-2-3-1","R. Díaz","A. Moreira Ferreira","Corinthians","Neo Química Arena","2","0","SP","SP"
"8723","32","05/11/2024","21:30","Botafogo-RJ","Vasco","4-2-3-1","4-2-3-1","A. Torres Gomes Araújo Amorim","C. de Paiva","Botafogo-RJ","Estádio Nilton Santos","3","0","RJ","RJ"
"8722","32","05/11/2024","21:31","Internacional","Criciuma","4-2-3-1","4-4-2","R. Machado Marques","C. Tencati","Internacional","Estádio Beira-Rio","2","0","RS","SC"
"8721","32","05/11/2024","21:32","Bahia","Sao Paulo","4-2-3-1","4-2-3-1","R. Ceni","L. Zubeldía","Sao Paulo","Arena Fonte Nova","0","3","BA","SP"
"8725","32","06/11/2024","21:00","Atletico-GO","Atletico-MG","4-2-3-1","3-4-2-1","A. Gomes","G. Milito","Atletico-GO","Estádio Antônio Accioly - Atlético Goianiense","1","0","GO","MG"
"8724","32","06/11/2024","21:01","Cruzeiro","Flamengo","4-2-3-1","4-2-3-1","F. Diniz Silva","F. Luís","Flamengo","Estádio Independência","0","1","MG","RJ"
"8726","33","08/11/2024","18:59","Internacional","Fluminense","4-2-3-1","4-2-3-1","R. Machado Marques","L. Venker de Menezes","Internacional","Estádio Beira-Rio","2","0","RS","RJ"
"8727","33","08/11/2024","21:30","Palmeiras","Gremio","4-2-3-1","4-2-3-1","A. Moreira Ferreira","Renato Gaúcho","Palmeiras","Allianz Parque","1","0","SP","RS"
"8729","33","09/11/2024","16:31","Botafogo-RJ","Cuiaba","4-2-3-1","4-1-4-1","A. Torres Gomes Araújo Amorim","B. Franco","-","Estádio Nilton Santos","0","0","RJ","MT"
"8728","33","09/11/2024","16:32","Vitoria","Corinthians","4-2-3-1","4-3-1-2","T. Carpini Barbosa","R. Díaz","Corinthians"," Barradão","1","2","BA","SP"
"8731","33","09/11/2024","18:59","Juventude","Bahia","4-2-3-1","4-3-3","F. Matias","R. Ceni","Juventude"," Alfredo Jaconi","2","1","RS","BA"
"8733","33","09/11/2024","18:59","Atletico-GO","Bragantino","4-2-3-1","4-2-3-1","A. Gomes","F. Seabra","-","Estádio Antônio Accioly - Atlético Goianiense","0","0","GO","SP"
"8732","33","09/11/2024","19:00","Fortaleza","Vasco","4-2-2-2","4-3-3","J. Vojvoda","C. de Paiva","Fortaleza","Arena Castelão","3","0","CE","RJ"
"8730","33","09/11/2024","19:01","Cruzeiro","Criciuma","4-2-3-1","4-2-3-1","F. Diniz Silva","C. Tencati","Cruzeiro"," Mineirão","2","1","MG","SC"
"8734","33","09/11/2024","21:02","Sao Paulo","Athletico-PR","4-2-3-1","4-3-3","L. Zubeldía","L. González","Sao Paulo","MorumBIS","2","1","SP","PR"
"8735","33","13/11/2024","20:00","Flamengo","Atletico-MG","3-4-2-1","3-1-4-2","F. Luís","G. Milito","-"," Maracanã","0","0","RJ","MG"
"8595","19","16/11/2024","18:30","Athletico-PR","Atletico-MG","4-2-3-1","3-4-2-1","L. González","G. Milito","Athletico-PR","Ligga Arena","1","0","PR","MG"
"8736","34","20/11/2024","11:06","Corinthians","Cruzeiro","4-3-1-2","4-2-3-1","R. Díaz","F. Diniz Silva","Corinthians","Neo Química Arena","2","1","SP","MG"
"8738","34","20/11/2024","16:29","Athletico-PR","Atletico-GO","4-2-3-1","4-2-3-1","L. González","A. Gomes","Athletico-PR","Ligga Arena","2","0","PR","GO"
"8737","34","20/11/2024","16:32","Bragantino","Sao Paulo","4-2-3-1","4-2-3-1","F. Seabra","M. Cuberas","-","Nabizão","1","1","SP","SP"
"8739","34","20/11/2024","16:33","Criciuma","Vitoria","4-2-2-2","4-2-3-1","C. Tencati","T. Carpini Barbosa","Vitoria","Estádio Heriberto Hülse","0","1","SC","BA"
"8740","34","20/11/2024","18:02","Bahia","Palmeiras","4-3-3","4-2-3-1","R. Ceni","A. Moreira Ferreira","Palmeiras","Arena Fonte Nova","1","2","BA","SP"
"8741","34","20/11/2024","19:01","Gremio","Juventude","4-2-2-2","4-2-3-1","Renato Gaúcho","F. Matias","-","Arena do Grêmio","2","2","RS","RS"
"8742","34","20/11/2024","19:01","Cuiaba","Flamengo","5-3-2","3-4-2-1","J. Bertazzo Tobar","F. Luís","Flamengo","Arena Pantanal","1","2","MT","RJ"
"8743","34","20/11/2024","21:30","Atletico-MG","Botafogo-RJ","3-4-3","4-2-3-1","G. Milito","A. Torres Gomes Araújo Amorim","-","Estádio Independência","0","0","MG","RJ"
"8744","34","21/11/2024","20:01","Vasco","Internacional","4-2-3-1","4-2-3-1","C. de Paiva","R. Machado Marques","Internacional","Estádio São Januário","0","1","RJ","RS"
"8745","34","22/11/2024","21:30","Fluminense","Fortaleza","4-2-3-1","3-5-2","L. Venker de Menezes","J. Vojvoda","-"," Maracanã","2","2","RJ","CE"
"8747","35","23/11/2024","19:30","Botafogo-RJ","Vitoria","4-1-3-2","5-3-2","A. Torres Gomes Araújo Amorim","T. Carpini Barbosa","-","Estádio Nilton Santos","1","1","RJ","BA"
"8748","35","23/11/2024","19:30","Atletico-GO","Palmeiras","4-2-3-1","4-2-3-1","A. Gomes","A. Moreira Ferreira","Palmeiras","Estádio Antônio Accioly - Atlético Goianiense","0","1","GO","SP"
"8746","35","23/11/2024","19:32","Juventude","Cuiaba","4-3-3","3-4-3","F. Matias","B. Franco","-"," Alfredo Jaconi","1","1","RS","MT"
"8749","35","23/11/2024","21:32","Sao Paulo","Atletico-MG","4-2-3-1","4-3-3","L. Zubeldía","G. Milito","-","MorumBIS","2","2","SP","MG"
"8751","35","24/11/2024","16:01","Internacional","Bragantino","4-2-3-1","4-2-3-1","R. Machado Marques","F. Seabra","Internacional","Estádio Beira-Rio","4","1","RS","SP"
"8752","35","24/11/2024","16:01","Bahia","Athletico-PR","4-3-3","4-2-3-1","R. Ceni","L. González","-","Arena Fonte Nova","1","1","BA","PR"
"8750","35","24/11/2024","16:02","Corinthians","Vasco","4-3-1-2","4-2-3-1","R. Díaz","C. de Paiva","Corinthians","Neo Química Arena","3","1","SP","RJ"
"8753","35","26/11/2024","19:00","Fluminense","Criciuma","4-2-3-1","4-3-1-2","L. Venker de Menezes","C. Tencati","-"," Maracanã","0","0","RJ","SC"
"8754","35","26/11/2024","20:02","Fortaleza","Flamengo","4-2-3-1","4-2-2-2","J. Vojvoda","F. Luís","-","Arena Castelão","0","0","CE","RJ"
"8757","36","26/11/2024","21:30","Atletico-MG","Juventude","3-4-2-1","4-3-3","G. Milito","F. Matias","Juventude","Estádio Independência","2","3","MG","RS"
"8756","36","26/11/2024","21:31","Palmeiras","Botafogo-RJ","4-2-3-1","4-2-3-1","A. Moreira Ferreira","A. Torres Gomes Araújo Amorim","Botafogo-RJ","Allianz Parque","1","3","SP","RJ"
"8755","35","27/11/2024","21:00","Cruzeiro","Gremio","4-2-3-1","4-2-3-1","F. Diniz Silva","Renato Gaúcho","-"," Mineirão","1","1","MG","RS"
"8759","36","30/11/2024","19:30","Cuiaba","Bahia","4-3-3","4-1-4-1","B. Franco","R. Ceni","Bahia","Arena Pantanal","1","2","MT","BA"
"8758","36","30/11/2024","19:34","Criciuma","Corinthians","3-5-2","4-3-1-2","C. Tencati","R. Díaz","Corinthians","Estádio Heriberto Hülse","2","4","SC","SP"
"8760","36","30/11/2024","21:31","Vasco","Atletico-GO","4-2-3-1","4-2-3-1","F. Loureiro","A. Gomes","-","Estádio São Januário","2","2","RJ","GO"
"8762","36","01/12/2024","16:01","Flamengo","Internacional","4-2-3-1","4-2-3-1","F. Luís","R. Machado Marques","Flamengo"," Maracanã","3","2","RJ","RS"
"8761","36","01/12/2024","16:02","Gremio","Sao Paulo","4-2-3-1","4-2-3-1","Renato Gaúcho","L. Zubeldía","Gremio","Arena do Grêmio","2","1","RS","SP"
"8763","36","01/12/2024","18:30","Bragantino","Cruzeiro","4-2-3-1","4-2-3-1","F. Seabra","F. Diniz Silva","-","Nabizão","1","1","SP","MG"
"8764","36","01/12/2024","18:30","Athletico-PR","Fluminense","4-2-3-1","4-2-3-1","L. González","L. Venker de Menezes","-","Ligga Arena","1","1","PR","RJ"
"8765","36","01/12/2024","18:31","Vitoria","Fortaleza","5-3-2","4-2-3-1","T. Carpini Barbosa","J. Vojvoda","Vitoria"," Barradão","2","0","BA","CE"
"8766","37","03/12/2024","20:04","Corinthians","Bahia","4-3-1-2","3-4-1-2","R. Díaz","R. Ceni","Corinthians","Neo Química Arena","3","0","SP","BA"
"8767","37","04/12/2024","19:02","Vasco","Atletico-MG","4-1-2-1-2","3-4-3","F. Loureiro","G. Milito","Vasco","Estádio São Januário","2","0","RJ","MG"
"8768","37","04/12/2024","20:01","Vitoria","Gremio","5-3-2","4-2-3-1","T. Carpini Barbosa","Renato Gaúcho","-"," Barradão","1","1","BA","RS"
"8769","37","04/12/2024","20:03","Criciuma","Flamengo","4-3-1-2","4-2-3-1","C. Tencati","F. Luís","Flamengo","Estádio Heriberto Hülse","0","3","SC","RJ"
"8770","37","04/12/2024","20:04","Sao Paulo","Juventude","4-2-3-1","4-2-3-1","L. Zubeldía","F. Matias","Juventude","MorumBIS","1","2","SP","RS"
"8771","37","04/12/2024","21:30","Atletico-GO","Fortaleza","4-2-3-1","4-2-3-1","A. Gomes","J. Vojvoda","Atletico-GO","Estádio Antônio Accioly - Atlético Goianiense","3","1","GO","CE"
"8772","37","04/12/2024","21:30","Internacional","Botafogo-RJ","4-2-2-2","4-2-3-1","R. Machado Marques","A. Torres Gomes Araújo Amorim","Botafogo-RJ","Estádio Beira-Rio","0","1","RS","RJ"
"8773","37","04/12/2024","21:30","Cruzeiro","Palmeiras","4-3-2-1","4-2-3-1","F. Diniz Silva","A. Moreira Ferreira","Palmeiras"," Mineirão","1","2","MG","SP"
"8775","37","05/12/2024","20:00","Athletico-PR","Bragantino","4-2-3-1","4-2-3-1","L. González","F. Seabra","Bragantino","Ligga Arena","1","2","PR","SP"
"8774","37","05/12/2024","20:01","Fluminense","Cuiaba","4-2-3-1","4-2-3-1","L. Venker de Menezes","B. Franco","Fluminense"," Maracanã","1","0","RJ","MT"
"8777","38","08/12/2024","16:04","Juventude","Cruzeiro","4-2-3-1","4-2-3-1","F. Matias","F. Diniz Silva","Cruzeiro"," Alfredo Jaconi","0","1","RS","MG"
"8778","38","08/12/2024","16:04","Bahia","Atletico-GO","4-2-3-1","4-1-4-1","R. Ceni","A. Gomes","Bahia","Arena Fonte Nova","2","0","BA","GO"
"8779","38","08/12/2024","16:04","Flamengo","Vitoria","4-4-2","4-3-3","F. Luís","T. Carpini Barbosa","-"," Maracanã","2","2","RJ","BA"
"8781","38","08/12/2024","16:04","Atletico-MG","Athletico-PR","4-3-3","4-3-2-1","L. Gonçalves","L. González","Atletico-MG","Arena MRV","1","0","MG","PR"
"8782","38","08/12/2024","16:04","Botafogo-RJ","Sao Paulo","","","A. Torres Gomes Araújo Amorim","L. Zubeldía","Botafogo-RJ","Estádio Nilton Santos","2","1","RJ","SP"
"8783","38","08/12/2024","16:04","Cuiaba","Vasco","4-3-3","4-3-2-1","B. Franco","F. Loureiro","Vasco","Arena Pantanal","1","2","MT","RJ"
"8784","38","08/12/2024","16:04","Palmeiras","Fluminense","4-2-3-1","4-2-3-1","A. Moreira Ferreira","L. Venker de Menezes","Fluminense","Allianz Parque","0","1","SP","RJ"
"8776","38","08/12/2024","16:05","Fortaleza","Internacional","4-2-3-1","4-1-2-1-2","J. Vojvoda","R. Machado Marques","Fortaleza","Arena Castelão","3","0","CE","RS"
"8780","38","08/12/2024","16:05","Bragantino","Criciuma","4-2-3-1","4-1-2-1-2","F. Seabra","C. Tencati","Bragantino","Nabizão","5","1","SP","SC"
"8785","38","08/12/2024","16:05","Gremio","Corinthians","4-4-2","4-3-1-2","Renato Gaúcho","R. Díaz","Corinthians","Arena do Grêmio","0","3","RS","SP"
